target,mape_pct,rmse,n_train,n_test
demanda_mwh,3.2302969227454073,121.60768772145252,3816,336
precio_spot_usd_mwh,8.79584490459673,23.405586478914792,3816,336
